{
    "accuracy": 0.9523809523809523,
    "auc": 0.9513513513513514,
    "classification_report": {
        "not_me": {
            "precision": 0.9605263157894737,
            "recall": 0.9864864864864865,
            "f1-score": 0.9733333333333334,
            "support": 74.0
        },
        "me": {
            "precision": 0.875,
            "recall": 0.7,
            "f1-score": 0.7777777777777778,
            "support": 10.0
        },
        "accuracy": 0.9523809523809523,
        "macro avg": {
            "precision": 0.9177631578947368,
            "recall": 0.8432432432432433,
            "f1-score": 0.8755555555555556,
            "support": 84.0
        },
        "weighted avg": {
            "precision": 0.9503446115288221,
            "recall": 0.9523809523809523,
            "f1-score": 0.95005291005291,
            "support": 84.0
        }
    }
}